,Pregnancies,PlasmaGlucose,DiastolicBloodPressure,TricepsThickness,SerumInsulin,BMI,DiabetesPedigree,Age
count,5000.0,5000.0,5000.0,5000.0,5000.0,5000.0,5000.0,5000.0
mean,3.162,107.8702,71.247,28.8068,135.0692,31.394894635870006,0.3950157974074,30.145
std,3.360894988395889,32.106951322488484,16.674507454187903,14.655143411296976,131.60661256735656,9.667583577644287,0.37081027948945156,12.058153043105822
min,0.0,44.0,24.0,7.0,14.0,18.20051152,0.078056163,21.0
25%,0.0,84.0,58.0,15.0,38.0,21.2922923275,0.13897771225,22.0
50%,2.0,104.0,72.0,30.0,81.0,31.520500249999998,0.2013874755,24.0
75%,6.0,129.0,84.0,42.0,191.0,39.1062642825,0.606461471,35.0
max,14.0,192.0,117.0,93.0,799.0,55.97531058,2.296062039,77.0
