,Pregnancies,PlasmaGlucose,DiastolicBloodPressure,TricepsThickness,SerumInsulin,BMI,DiabetesPedigree,Age
count,4000.0,4000.0,4000.0,4000.0,4000.0,4000.0,4000.0,4000.0
mean,-5.773159728050814e-17,-7.727152251391089e-17,1.2434497875801754e-16,3.552713678800501e-18,3.1974423109204506e-17,1.8740564655672642e-16,1.1368683772161603e-16,-1.438849039914203e-16
std,1.0001250234423837,1.000125023442384,1.000125023442384,1.000125023442384,1.0001250234423837,1.0001250234423837,1.000125023442384,1.000125023442384
min,-0.9404158368081613,-1.9844350605470955,-2.8033911758675196,-1.4950477673002842,-0.9187039852894391,-1.3609098047033403,-0.8541506905857037,-0.7513999457967454
25%,-0.9404158368081613,-0.7399191540082529,-0.7851644110337495,-0.9497519497404837,-0.735685729055641,-1.0411385555254764,-0.6921056852141092,-0.6680522909012355
50%,-0.3453571723720868,-0.11766120073883175,0.10522974992232559,0.14083968537911723,-0.40777801997008595,0.00362199048193613,-0.5246064904209492,-0.5013569811102158
75%,0.8447601565000622,0.6601612408479448,0.8175450786871856,0.8906214345238428,0.423429893758414,0.806691259614726,0.5713469393044779,0.4154672227403926
max,3.22499481424436,2.6202737936466214,2.717052622060146,4.298720294272595,5.067518145691042,2.5437938119355454,5.098242898022233,3.9160687283518065
