,Pregnancies,PlasmaGlucose,DiastolicBloodPressure,TricepsThickness,SerumInsulin,BMI,DiabetesPedigree,Age
count,4000.0,4000.0,4000.0,4000.0,4000.0,4000.0,4000.0,4000.0
mean,3.16075,107.78175,71.22725,28.93375,134.47375,31.366195643217498,0.39467384743074996,30.01525
std,3.3614333618356196,32.1450298284691,16.8485778652538,14.672770136663726,131.15085378124456,9.675387815460862,0.3707276392253931,11.99943807292727
min,0.0,44.0,24.0,7.0,14.0,18.20051152,0.078056163,21.0
25%,0.0,84.0,58.0,15.0,38.0,21.294035605,0.1381232155,22.0
50%,2.0,104.0,73.0,31.0,81.0,31.401235425,0.200212034,24.0
75%,6.0,129.0,85.0,42.0,190.0,39.170270734999995,0.606461471,35.0
max,14.0,192.0,117.0,92.0,799.0,55.97531058,2.284497129,77.0
