{"accuracy": 0.931, "precision": 0.9074626865671642, "recall": 0.8888888888888888, "f1": 0.8980797636632201, "confusion_matrix": [[627, 31], [38, 304]]}