,Pregnancies,PlasmaGlucose,DiastolicBloodPressure,TricepsThickness,SerumInsulin,BMI,DiabetesPedigree,Age
count,1000.0,1000.0,1000.0,1000.0,1000.0,1000.0,1000.0,1000.0
mean,0.0018595583263626755,0.013759678991669999,0.00586176155962761,-0.0432658150245104,0.022703795973836514,0.01483278047702091,0.004612452542354001,0.05407179111346187
std,0.999822669789649,0.994609685481485,0.9478052872485504,0.9938478980182908,1.017686705303018,0.996495777577658,1.0017315037186973,1.0237248990219305
min,-0.9404158368081613,-1.9844350605470955,-2.8033911758675196,-1.4950477673002842,-0.9187039852894391,-1.3599428171521437,-0.8528411640299857,-0.7513999457967454
25%,-0.9404158368081613,-0.7088062563447819,-0.7258048003033445,-0.9497519497404837,-0.7280599683792327,-1.0427589533502146,-0.6775384206464311,-0.6680522909012355
50%,-0.3453571723720868,-0.0865483030753607,0.04587013919192059,0.0045157309891671075,-0.40777801997008595,0.048197173086293774,-0.5041700208862228,-0.5013569811102158
75%,0.8447601565000622,0.6601612408479448,0.713665759908977,0.8224594573288678,0.46346513730955735,0.7479175414337248,0.5706959710656928,0.5821625325314124
max,3.22499481424436,2.526935100656208,2.657693011329741,4.366882271467571,4.777739239987528,2.5366778587508287,5.129441963484486,3.832721073456297
