,Pregnancies,PlasmaGlucose,DiastolicBloodPressure,TricepsThickness,SerumInsulin,BMI,DiabetesPedigree,Age
count,1000.0,1000.0,1000.0,1000.0,1000.0,1000.0,1000.0,1000.0
mean,3.167,108.224,71.326,28.299,137.451,31.50969060648,0.39638359731399997,30.664
std,3.3604171472308915,31.967761287925086,15.96717491213379,14.580678831768951,133.45379542940887,9.6402778438115,0.37132313141520945,12.282587918104472
min,0.0,44.0,24.0,7.0,14.0,18.20986633,0.07854158,21.0
25%,0.0,85.0,59.0,15.0,39.0,21.2783595875,0.143523028,22.0
50%,2.0,105.0,72.0,29.0,81.0,31.83246369,0.207787451,24.0
75%,6.0,129.0,83.25,41.0,195.25,38.601683305,0.60622016925,37.0
max,14.0,189.0,116.0,93.0,761.0,55.90646958,2.296062039,76.0
